Age,Attention_Span,Emotional_Regulation,Motivation_Type,Parental_Involvement,Learning_Style,Social_Interaction_Style,Outcome_Score
7,6.596892094,6.605936977,Extrinsic,6.077450336,Mixed,Independent,66.96
5,5.293188745,5.777897622,Extrinsic,7.857503348,Mixed,Cooperative,63.7
6,5.55418423,6.38317419,Extrinsic,8.716376398,Mixed,Independent,68.61
5,5.248842122,6.114202191,Extrinsic,8.447504599,Mixed,Independent,64.13
6,5.85583346,5.128677574,Intrinsic,7.414302784,Mixed,Independent,64.09
5,6.10314622,6.028188356,Extrinsic,6.12437155,Mixed,Independent,63.56
5,6.402289417,4.707672453,Extrinsic,5.938744673,Mixed,Mixed,59.15
5,6.06137317,6.206941401,Intrinsic,7.984419288,Mixed,Independent,70.53
7,6.596892094,6.605936977,Extrinsic,6.077450336,Mixed,Independent,66.96
6,5.883420301,6.695597882,Extrinsic,5.711320018,Mixed,Independent,64.7
5,5.762044833,7.523554675,Intrinsic,7.212490611,Mixed,Mixed,71.44
5,6.733198598,6.392180557,Intrinsic,6.592841969,Mixed,Independent,72.11
5,5.94701367,6.902395793,Intrinsic,4.005948014,Mixed,Independent,65.35
7,6.52475462,7.325070316,Intrinsic,4.266908143,Mixed,Mixed,69.41
6,7.085257703,5.97671263,Intrinsic,3.806236511,Mixed,Cooperative,66.67
7,5.52062944,5.487951576,Intrinsic,6.217451933,Mixed,Independent,61.92
6,6.594649233,5.925231731,Extrinsic,7.149202247,Mixed,Mixed,66.03
5,6.221753813,5.090553531,Extrinsic,5.491867906,Mixed,Cooperative,59.85
5,7.270768051,5.975948918,Intrinsic,7.038378409,Mixed,Independent,72.85
7,4.893422266,5.704317945,Intrinsic,5.920857444,Mixed,Independent,64.53
5,6.733198598,6.392180557,Intrinsic,6.592841969,Mixed,Independent,72.11
7,5.967281601,6.11383253,Intrinsic,6.444295555,Mixed,Independent,67.69
5,5.524595142,6.829202763,Intrinsic,7.118042321,Mixed,Cooperative,70.52
5,4.995475461,5.23225382,Intrinsic,6.082384296,Mixed,Mixed,59.62
6,5.173321304,6.30205745,Intrinsic,7.013444813,Mixed,Mixed,69.71
6,6.001919598,5.312893546,Extrinsic,4.944197879,Mixed,Mixed,58.55
5,6.06137317,6.206941401,Intrinsic,7.984419288,Mixed,Independent,70.53
6,6.32026136,5.684516768,Intrinsic,8.378628835,Mixed,Independent,67.21
7,5.894446679,6.149588725,Extrinsic,8.676399891,Mixed,Mixed,68.64
6,4.600744515,6.888197137,Intrinsic,5.584847643,Mixed,Mixed,66.53
7,5.835697265,6.94922291,Intrinsic,5.449258096,Mixed,Independent,70.07
5,6.68357972,6.926684903,Extrinsic,7.906922939,Mixed,Independent,70.42
5,6.468304805,6.814728473,Intrinsic,6.793959885,Mixed,Independent,73.67
6,5.828616208,4.545672404,Extrinsic,7.728225827,Mixed,Cooperative,62.9
6,6.001919598,5.312893546,Extrinsic,4.944197879,Mixed,Mixed,58.55
5,5.248842122,6.114202191,Extrinsic,8.447504599,Mixed,Independent,64.13
7,7.050402163,7.384675017,Intrinsic,5.015190025,Mixed,Cooperative,71.8
7,7.050402163,7.384675017,Intrinsic,5.015190025,Mixed,Cooperative,71.8
7,5.179750765,6.516676601,Extrinsic,6.675497609,Mixed,Independent,61.95
7,7.050402163,7.384675017,Intrinsic,5.015190025,Mixed,Cooperative,71.8
6,5.698615104,5.479149465,Intrinsic,5.997789343,Mixed,Independent,65.91
6,5.978292268,6.028149261,Extrinsic,6.631273754,Mixed,Cooperative,65.38
7,7.031715866,5.736289275,Extrinsic,8.066574569,Mixed,Independent,67.43
5,5.232634017,5.493517852,Extrinsic,6.768910978,Mixed,Cooperative,57
6,6.594649233,5.925231731,Extrinsic,7.149202247,Mixed,Mixed,66.03
6,5.698615104,5.479149465,Intrinsic,5.997789343,Mixed,Independent,65.91
7,6.230504743,7.167522771,Intrinsic,8.041439641,Mixed,Cooperative,74.3
5,6.06137317,6.206941401,Intrinsic,7.984419288,Mixed,Independent,70.53
5,6.172177379,6.3086633,Intrinsic,7.772536177,Mixed,Mixed,70.82
5,6.217912702,6.425402255,Extrinsic,5.263138997,Mixed,Cooperative,64.33
7,6.864240172,5.824828398,Extrinsic,6.506136148,Mixed,Cooperative,62.03
7,5.047127896,5.925663613,Intrinsic,6.840269685,Mixed,Cooperative,68.16
7,5.835697265,6.94922291,Intrinsic,5.449258096,Mixed,Independent,70.07
5,6.435465522,6.523524955,Intrinsic,4.76229879,Mixed,Cooperative,69.52
7,6.064109642,6.57670426,Extrinsic,5.561542608,Mixed,Mixed,64.98
7,5.823616737,6.634273336,Intrinsic,5.143337234,Mixed,Mixed,70.86
6,6.093263534,5.017203579,Intrinsic,5.75949151,Mixed,Independent,60.87
5,7.270768051,5.975948918,Intrinsic,7.038378409,Mixed,Independent,72.85
5,4.995475461,5.23225382,Intrinsic,6.082384296,Mixed,Mixed,59.62
6,6.206877055,6.021381276,Intrinsic,6.457763674,Mixed,Mixed,67.34
5,6.2715881,7.069867701,Intrinsic,5.983049134,Mixed,Independent,69.22
7,6.005195261,5.743871358,Extrinsic,7.522695787,Mixed,Mixed,61.89
6,6.001919598,5.312893546,Extrinsic,4.944197879,Mixed,Mixed,58.55
6,5.295682838,6.698660788,Extrinsic,7.905896632,Mixed,Mixed,66.89
6,5.734302651,5.312105275,Extrinsic,7.727769446,Mixed,Independent,63.94
5,6.543079948,6.102820969,Intrinsic,5.289097589,Mixed,Independent,66.13
7,5.179750765,6.516676601,Extrinsic,6.675497609,Mixed,Independent,61.95
5,6.296334032,6.303945181,Extrinsic,7.227355236,Mixed,Mixed,63.84
6,5.280601128,6.302464116,Extrinsic,4.963650646,Mixed,Independent,60.1
7,5.966552333,5.311824823,Extrinsic,8.715964395,Mixed,Independent,65.28
7,5.730919793,7.266790585,Intrinsic,6.317857886,Mixed,Cooperative,70
6,7.085257703,5.97671263,Intrinsic,3.806236511,Mixed,Cooperative,66.67
7,5.047127896,5.925663613,Intrinsic,6.840269685,Mixed,Cooperative,68.16
7,4.893422266,5.704317945,Intrinsic,5.920857444,Mixed,Independent,64.53
7,5.533185587,7.381747139,Intrinsic,6.13065726,Mixed,Mixed,70.82
5,6.548376163,6.366222159,Extrinsic,4.354794066,Mixed,Mixed,63.8
7,6.348060942,7.126077488,Intrinsic,5.229937517,Mixed,Independent,71.04
6,5.949373619,5.90167973,Extrinsic,6.670957523,Mixed,Cooperative,62.21
5,6.548376163,6.366222159,Extrinsic,4.354794066,Mixed,Mixed,63.8
5,7.129453605,6.463129197,Intrinsic,8.866002501,Mixed,Independent,75.99
5,6.690593439,5.871606693,Extrinsic,9.271667306,Mixed,Cooperative,68.17
6,5.636908553,6.996781038,Intrinsic,5.930065627,Mixed,Independent,69.31
7,5.079403869,5.756104274,Extrinsic,4.76238332,Mixed,Mixed,60.4
7,7.050402163,7.384675017,Intrinsic,5.015190025,Mixed,Cooperative,71.8
7,6.064109642,6.57670426,Extrinsic,5.561542608,Mixed,Mixed,64.98
6,7.298204894,7.190395277,Intrinsic,5.800902901,Mixed,Mixed,70.2
6,5.835973308,6.078444346,Intrinsic,6.570210683,Mixed,Cooperative,67.8
5,5.248842122,6.114202191,Extrinsic,8.447504599,Mixed,Independent,64.13
5,5.168363759,5.817878409,Intrinsic,8.470418192,Mixed,Independent,69
7,7.050402163,7.384675017,Intrinsic,5.015190025,Mixed,Cooperative,71.8
7,6.141010751,5.754354702,Intrinsic,5.059841915,Mixed,Independent,64.24
5,7.109755879,7.428982077,Intrinsic,5.03781243,Mixed,Independent,71.67
7,6.005195261,5.743871358,Extrinsic,7.522695787,Mixed,Mixed,61.89
5,7.270768051,5.975948918,Intrinsic,7.038378409,Mixed,Independent,72.85
5,5.505678205,5.660221362,Intrinsic,8.547925944,Mixed,Mixed,66.46
5,6.194416901,7.038792348,Extrinsic,5.734576284,Mixed,Cooperative,65.39
6,6.001919598,5.312893546,Extrinsic,4.944197879,Mixed,Mixed,58.55
7,5.200804359,6.683494544,Extrinsic,6.104802802,Mixed,Cooperative,64.06
7,5.852343032,6.357386191,Intrinsic,6.925303502,Mixed,Cooperative,68.66
5,5.964571811,6.002048851,Intrinsic,6.729318882,Mixed,Cooperative,68.79
5,5.248842122,6.114202191,Extrinsic,8.447504599,Mixed,Independent,64.13
6,6.667229014,6.759844113,Intrinsic,9.046587436,Mixed,Mixed,77.35
7,5.816848155,6.130323887,Intrinsic,5.657823869,Mixed,Cooperative,65.98
7,5.835697265,6.94922291,Intrinsic,5.449258096,Mixed,Independent,70.07
5,5.143343405,5.640374986,Intrinsic,6.811267171,Mixed,Mixed,65.85
7,5.823616737,6.634273336,Intrinsic,5.143337234,Mixed,Mixed,70.86
5,6.733198598,6.392180557,Intrinsic,6.592841969,Mixed,Independent,72.11
5,6.717493382,6.283558489,Intrinsic,8.444640134,Mixed,Cooperative,71.8
6,6.123845018,6.006809087,Extrinsic,8.125814207,Mixed,Cooperative,70.21
6,6.611166681,6.461003673,Extrinsic,7.508205391,Mixed,Independent,71.31
6,6.059874205,5.601824429,Intrinsic,8.117426938,Mixed,Mixed,65.72
6,5.280601128,6.302464116,Extrinsic,4.963650646,Mixed,Independent,60.1
6,6.123845018,6.006809087,Extrinsic,8.125814207,Mixed,Cooperative,70.21
7,6.489181801,6.59238534,Intrinsic,6.792560857,Mixed,Independent,67.14
7,6.489181801,6.59238534,Intrinsic,6.792560857,Mixed,Independent,67.14
7,4.938174274,5.491585483,Extrinsic,7.520144699,Mixed,Cooperative,56.93
7,6.917891861,6.461951735,Extrinsic,8.140844306,Mixed,Cooperative,68.88
7,6.350206666,6.499477114,Intrinsic,4.067936461,Mixed,Independent,64.85
7,5.852343032,6.357386191,Intrinsic,6.925303502,Mixed,Cooperative,68.66
6,5.235975131,6.714436354,Intrinsic,7.126329879,Mixed,Independent,68.48
7,6.230504743,7.167522771,Intrinsic,8.041439641,Mixed,Cooperative,74.3
5,6.10314622,6.028188356,Extrinsic,6.12437155,Mixed,Independent,63.56
7,6.827303405,6.740098083,Extrinsic,7.049462092,Mixed,Mixed,65.78
7,5.079403869,5.756104274,Extrinsic,4.76238332,Mixed,Mixed,60.4
7,4.938174274,5.491585483,Extrinsic,7.520144699,Mixed,Cooperative,56.93
6,5.835973308,6.078444346,Intrinsic,6.570210683,Mixed,Cooperative,67.8
7,5.991405557,4.942881755,Intrinsic,7.108081595,Mixed,Mixed,64.39
7,6.614595774,5.904036882,Intrinsic,6.13721091,Mixed,Independent,69.08
7,5.411368016,6.833761697,Intrinsic,5.269400156,Mixed,Cooperative,70.98
6,6.622674822,5.804385881,Intrinsic,6.199852879,Mixed,Independent,66.59
6,5.734302651,5.312105275,Extrinsic,7.727769446,Mixed,Independent,63.94
6,7.085257703,5.97671263,Intrinsic,3.806236511,Mixed,Cooperative,66.67
5,6.296334032,6.303945181,Extrinsic,7.227355236,Mixed,Mixed,63.84
6,6.76490969,5.376056444,Intrinsic,6.831882983,Mixed,Independent,68.37
7,5.651735267,6.032951579,Intrinsic,3.753126492,Mixed,Mixed,66.51
7,5.179750765,6.516676601,Extrinsic,6.675497609,Mixed,Independent,61.95
6,6.594649233,5.925231731,Extrinsic,7.149202247,Mixed,Mixed,66.03
7,5.769859307,6.309259843,Extrinsic,5.062632288,Mixed,Mixed,58.3
7,6.350206666,6.499477114,Intrinsic,4.067936461,Mixed,Independent,64.85
6,6.528039754,6.028210328,Extrinsic,5.87925386,Mixed,Cooperative,63.99
7,6.596892094,6.605936977,Extrinsic,6.077450336,Mixed,Independent,66.96
7,5.724630223,5.686523112,Extrinsic,4.447364506,Mixed,Cooperative,59.96
5,5.91379263,6.069410893,Extrinsic,4.157015752,Mixed,Mixed,62.33
5,5.248842122,6.114202191,Extrinsic,8.447504599,Mixed,Independent,64.13
6,6.093263534,5.017203579,Intrinsic,5.75949151,Mixed,Independent,60.87
5,5.775228735,6.466093803,Extrinsic,7.95247836,Mixed,Independent,70.46
7,5.200804359,6.683494544,Extrinsic,6.104802802,Mixed,Cooperative,64.06
6,6.403594666,4.801553194,Intrinsic,6.289278439,Mixed,Cooperative,65.76
6,6.611166681,6.461003673,Extrinsic,7.508205391,Mixed,Independent,71.31
5,7.533926963,5.637351313,Extrinsic,5.82830963,Mixed,Cooperative,65.56
7,6.838126812,5.225265383,Intrinsic,5.150057915,Mixed,Mixed,64.21
5,7.533926963,5.637351313,Extrinsic,5.82830963,Mixed,Cooperative,65.56
7,5.047127896,5.925663613,Intrinsic,6.840269685,Mixed,Cooperative,68.16
7,5.991405557,4.942881755,Intrinsic,7.108081595,Mixed,Mixed,64.39
5,5.136754605,6.340712084,Intrinsic,6.180419206,Mixed,Cooperative,65.15
6,6.254798195,6.281470026,Extrinsic,6.111972545,Mixed,Independent,62.79
5,5.691985167,6.139352218,Intrinsic,6.771545923,Mixed,Mixed,70.77
7,5.530288573,5.641861601,Intrinsic,3.718318102,Mixed,Independent,60.78
5,5.539742295,6.470524913,Intrinsic,6.31935937,Mixed,Mixed,66.6
7,6.394251743,5.637731857,Extrinsic,5.665494044,Mixed,Mixed,62.66
5,5.143343405,5.640374986,Intrinsic,6.811267171,Mixed,Mixed,65.85
7,5.16646081,5.836562418,Intrinsic,6.592186269,Mixed,Independent,62.92
7,7.947328485,6.671744947,Intrinsic,8.328544892,Mixed,Mixed,77.97
6,5.235975131,6.714436354,Intrinsic,7.126329879,Mixed,Independent,68.48
5,5.561658201,6.915497974,Extrinsic,6.32806009,Mixed,Cooperative,66.81
6,5.828616208,4.545672404,Extrinsic,7.728225827,Mixed,Cooperative,62.9
6,6.667229014,6.759844113,Intrinsic,9.046587436,Mixed,Mixed,77.35
7,6.614595774,5.904036882,Intrinsic,6.13721091,Mixed,Independent,69.08
6,5.980036091,5.491485904,Extrinsic,8.674030467,Mixed,Mixed,63.95
7,5.533185587,7.381747139,Intrinsic,6.13065726,Mixed,Mixed,70.82
6,5.235975131,6.714436354,Intrinsic,7.126329879,Mixed,Independent,68.48
6,5.235975131,6.714436354,Intrinsic,7.126329879,Mixed,Independent,68.48
6,5.978292268,6.028149261,Extrinsic,6.631273754,Mixed,Cooperative,65.38
6,5.636908553,6.996781038,Intrinsic,5.930065627,Mixed,Independent,69.31
6,6.206877055,6.021381276,Intrinsic,6.457763674,Mixed,Mixed,67.34
6,5.508770922,5.343635755,Intrinsic,6.680790852,Mixed,Cooperative,63.39
7,7.050402163,7.384675017,Intrinsic,5.015190025,Mixed,Cooperative,71.8
5,5.762044833,7.523554675,Intrinsic,7.212490611,Mixed,Mixed,71.44
6,6.11106036,6.208549023,Intrinsic,4.544488417,Mixed,Cooperative,64.38
5,6.2715881,7.069867701,Intrinsic,5.983049134,Mixed,Independent,69.22
7,7.050402163,7.384675017,Intrinsic,5.015190025,Mixed,Cooperative,71.8
5,6.717493382,6.283558489,Intrinsic,8.444640134,Mixed,Cooperative,71.8
7,6.677674414,6.103535058,Intrinsic,7.534358102,Mixed,Independent,72.1
7,5.724630223,5.686523112,Extrinsic,4.447364506,Mixed,Cooperative,59.96
7,7.050402163,7.384675017,Intrinsic,5.015190025,Mixed,Cooperative,71.8
7,6.677674414,6.103535058,Intrinsic,7.534358102,Mixed,Independent,72.1
6,5.755802796,5.671884635,Intrinsic,9.583912208,Mixed,Independent,68.73
6,6.977426872,6.923228981,Intrinsic,6.526666192,Mixed,Mixed,72.78
7,6.596892094,6.605936977,Extrinsic,6.077450336,Mixed,Independent,66.96
7,6.458440042,6.420703645,Extrinsic,8.047707834,Mixed,Independent,69.08
5,5.168363759,5.817878409,Intrinsic,8.470418192,Mixed,Independent,69
5,6.401449979,6.514467559,Extrinsic,8.158590789,Mixed,Mixed,65.61
5,5.91379263,6.069410893,Extrinsic,4.157015752,Mixed,Mixed,62.33
7,6.614595774,5.904036882,Intrinsic,6.13721091,Mixed,Independent,69.08
7,6.638733123,5.876059699,Intrinsic,4.998152691,Mixed,Mixed,68.22
6,5.698615104,5.479149465,Intrinsic,5.997789343,Mixed,Independent,65.91
6,5.734302651,5.312105275,Extrinsic,7.727769446,Mixed,Independent,63.94
7,5.52062944,5.487951576,Intrinsic,6.217451933,Mixed,Independent,61.92
5,6.468304805,6.814728473,Intrinsic,6.793959885,Mixed,Independent,73.67
7,5.894387444,5.77713548,Extrinsic,6.32014644,Mixed,Independent,62.76
7,6.394251743,5.637731857,Extrinsic,5.665494044,Mixed,Mixed,62.66
5,7.533926963,5.637351313,Extrinsic,5.82830963,Mixed,Cooperative,65.56
5,5.293188745,5.777897622,Extrinsic,7.857503348,Mixed,Cooperative,63.7
7,6.383012863,5.082141418,Intrinsic,5.638035901,Mixed,Independent,66.66
7,6.614595774,5.904036882,Intrinsic,6.13721091,Mixed,Independent,69.08
6,5.304954117,6.643831295,Intrinsic,8.560118576,Mixed,Cooperative,69.26
7,6.838126812,5.225265383,Intrinsic,5.150057915,Mixed,Mixed,64.21
7,6.827303405,6.740098083,Extrinsic,7.049462092,Mixed,Mixed,65.78
5,5.390040627,6.296997393,Intrinsic,5.832866123,Mixed,Mixed,67.49
5,4.995475461,5.23225382,Intrinsic,6.082384296,Mixed,Mixed,59.62
6,6.594649233,5.925231731,Extrinsic,7.149202247,Mixed,Mixed,66.03
7,6.383012863,5.082141418,Intrinsic,5.638035901,Mixed,Independent,66.66
7,5.651735267,6.032951579,Intrinsic,3.753126492,Mixed,Mixed,66.51
7,6.383012863,5.082141418,Intrinsic,5.638035901,Mixed,Independent,66.66
7,5.268648948,6.86658695,Intrinsic,5.65556301,Mixed,Cooperative,66.08
6,5.280601128,6.302464116,Extrinsic,4.963650646,Mixed,Independent,60.1
7,5.16646081,5.836562418,Intrinsic,6.592186269,Mixed,Independent,62.92
7,6.383012863,5.082141418,Intrinsic,5.638035901,Mixed,Independent,66.66
7,4.893422266,5.704317945,Intrinsic,5.920857444,Mixed,Independent,64.53
5,4.995475461,5.23225382,Intrinsic,6.082384296,Mixed,Mixed,59.62
5,6.548376163,6.366222159,Extrinsic,4.354794066,Mixed,Mixed,63.8
5,5.637348076,6.34570476,Extrinsic,4.627392903,Mixed,Cooperative,59.9
5,6.717493382,6.283558489,Intrinsic,8.444640134,Mixed,Cooperative,71.8
7,6.199871325,6.295470758,Extrinsic,4.616047595,Mixed,Independent,61.45
5,6.077419179,6.661981129,Extrinsic,6.097141913,Mixed,Mixed,65.77
5,4.995475461,5.23225382,Intrinsic,6.082384296,Mixed,Mixed,59.62
5,7.270768051,5.975948918,Intrinsic,7.038378409,Mixed,Independent,72.85
6,5.734302651,5.312105275,Extrinsic,7.727769446,Mixed,Independent,63.94
7,6.394251743,5.637731857,Extrinsic,5.665494044,Mixed,Mixed,62.66
7,6.458440042,6.420703645,Extrinsic,8.047707834,Mixed,Independent,69.08
7,6.394251743,5.637731857,Extrinsic,5.665494044,Mixed,Mixed,62.66
7,6.305053585,7.125702504,Intrinsic,7.185617012,Mixed,Cooperative,73.52
5,6.847796131,5.923913101,Intrinsic,5.928439231,Mixed,Independent,70.65
6,5.049622616,4.677721021,Extrinsic,5.618707004,Visual,Cooperative,57.43
6,4.805817768,4.142645016,Extrinsic,7.415790916,Visual,Cooperative,57.37
6,4.993343856,4.138217505,Extrinsic,3.180543862,Visual,Cooperative,51.16
6,4.326708292,4.877750106,Extrinsic,5.720625802,Visual,Cooperative,55.23
6,3.151969609,3.471556169,Extrinsic,2.501735588,Visual,Cooperative,46.69
6,3.905150959,4.325035922,Extrinsic,4.358971277,Visual,Cooperative,52.95
5,4.90763881,4.064576893,Extrinsic,7.389653071,Visual,Cooperative,56.66
5,4.119308918,4.872550192,Extrinsic,6.763221072,Visual,Cooperative,56.46
6,5.049622616,4.677721021,Extrinsic,5.618707004,Visual,Cooperative,57.43
5,5.5057498,6.621167621,Extrinsic,5.37968227,Visual,Cooperative,62.24
5,4.494789949,5.070061115,Extrinsic,5.039147516,Visual,Cooperative,56.2
5,4.410659004,3.908851889,Extrinsic,5.608241112,Visual,Cooperative,52.69
6,5.983301843,4.134488712,Extrinsic,6.75634243,Visual,Cooperative,58.93
5,5.579333956,5.701468626,Extrinsic,6.201830283,Visual,Cooperative,57.39
6,5.618686386,3.989813051,Extrinsic,4.887703774,Visual,Cooperative,55.19
6,4.729805943,6.070899188,Extrinsic,6.54299748,Visual,Cooperative,61.82
6,4.134565733,5.891899334,Extrinsic,6.435020577,Visual,Cooperative,59.73
6,4.920636798,4.940632744,Extrinsic,3.78738727,Visual,Cooperative,54.46
5,5.353357258,6.478655127,Extrinsic,6.054031246,Visual,Cooperative,63.61
5,5.812226271,5.430327006,Extrinsic,5.095264462,Visual,Cooperative,59.73
5,4.410659004,3.908851889,Extrinsic,5.608241112,Visual,Cooperative,52.69
6,3.436568152,3.89893301,Extrinsic,6.19508401,Visual,Cooperative,49.67
5,4.942989409,4.332730293,Extrinsic,6.461255875,Visual,Cooperative,56.29
6,3.965192082,5.769279458,Extrinsic,3.522067224,Visual,Cooperative,54.35
6,4.935201019,2.737559775,Extrinsic,5.061321613,Visual,Cooperative,50.34
6,4.005786857,3.276429358,Extrinsic,4.171200168,Visual,Cooperative,48.48
5,4.119308918,4.872550192,Extrinsic,6.763221072,Visual,Cooperative,56.46
5,4.710027198,3.104363239,Extrinsic,4.21145634,Visual,Cooperative,50.15
6,3.590515555,5.550677637,Extrinsic,3.827296442,Visual,Cooperative,53.47
6,5.725093885,4.04749086,Extrinsic,4.899787815,Visual,Cooperative,55.13
6,4.865452165,4.88729555,Extrinsic,3.398943251,Visual,Cooperative,53.13
6,6.031288634,3.531258972,Extrinsic,1.784815036,Visual,Cooperative,51.97
6,5.001905691,5.604017555,Extrinsic,4.813273139,Visual,Cooperative,59.71
5,3.842718711,4.005517124,Extrinsic,3.958514758,Visual,Cooperative,52.14
6,4.005786857,3.276429358,Extrinsic,4.171200168,Visual,Cooperative,48.48
6,4.326708292,4.877750106,Extrinsic,5.720625802,Visual,Cooperative,55.23
6,4.614433679,4.299806499,Extrinsic,3.204475609,Visual,Cooperative,55.49
6,4.614433679,4.299806499,Extrinsic,3.204475609,Visual,Cooperative,55.49
6,4.970395477,4.997244273,Extrinsic,3.653997795,Visual,Cooperative,55.12
6,4.614433679,4.299806499,Extrinsic,3.204475609,Visual,Cooperative,55.49
5,6.686259152,6.294442392,Extrinsic,6.082631084,Visual,Cooperative,65.37
6,4.389504838,5.665133591,Extrinsic,6.663400661,Visual,Cooperative,60.02
6,5.11203898,7.211556552,Extrinsic,2.807898932,Visual,Cooperative,60.1
6,5.908591407,3.059538643,Extrinsic,6.49794967,Visual,Cooperative,56.1
6,4.134565733,5.891899334,Extrinsic,6.435020577,Visual,Cooperative,59.73
5,6.686259152,6.294442392,Extrinsic,6.082631084,Visual,Cooperative,65.37
6,5.423571826,5.282571319,Extrinsic,4.160077341,Visual,Cooperative,58.98
5,4.119308918,4.872550192,Extrinsic,6.763221072,Visual,Cooperative,56.46
5,4.348767655,3.281940078,Extrinsic,4.116716554,Visual,Cooperative,51.38
5,6.238684301,5.502128459,Extrinsic,6.320890565,Visual,Cooperative,65.65
5,6.150584811,5.608336161,Extrinsic,4.199896968,Visual,Cooperative,57.11
5,4.792288541,2.710960693,Extrinsic,5.730795802,Visual,Cooperative,50.49
6,4.865452165,4.88729555,Extrinsic,3.398943251,Visual,Cooperative,53.13
6,3.872379539,3.838115071,Extrinsic,3.972545662,Visual,Cooperative,51.23
5,4.677295488,5.760395905,Extrinsic,7.167347853,Visual,Cooperative,62
5,4.463237752,4.544434305,Extrinsic,6.196054812,Visual,Cooperative,51.68
5,5.662847485,5.041905021,Extrinsic,5.08484726,Visual,Cooperative,60.69
5,5.353357258,6.478655127,Extrinsic,6.054031246,Visual,Cooperative,63.61
6,3.965192082,5.769279458,Extrinsic,3.522067224,Visual,Cooperative,54.35
5,3.537531549,5.70630483,Extrinsic,5.119980661,Visual,Cooperative,57.75
6,4.340268457,4.659060671,Extrinsic,4.914675281,Visual,Cooperative,56.35
6,4.807092166,4.374388948,Extrinsic,4.986364232,Visual,Cooperative,54.26
6,4.005786857,3.276429358,Extrinsic,4.171200168,Visual,Cooperative,48.48
5,3.411477104,4.53936888,Extrinsic,4.570573863,Visual,Cooperative,52.17
5,5.760046947,4.378086859,Extrinsic,4.843569233,Visual,Cooperative,57.37
6,4.170613613,5.862458287,Extrinsic,5.260970735,Visual,Cooperative,55.21
6,4.970395477,4.997244273,Extrinsic,3.653997795,Visual,Cooperative,55.12
5,6.32615059,6.597288695,Extrinsic,5.403701847,Visual,Cooperative,65.2
5,4.683990734,5.040654136,Extrinsic,6.763962208,Visual,Cooperative,52.34
5,4.425010691,4.440152583,Extrinsic,7.258391246,Visual,Cooperative,56.31
6,4.639855643,5.21986344,Extrinsic,6.166305768,Visual,Cooperative,57.41
6,5.618686386,3.989813051,Extrinsic,4.887703774,Visual,Cooperative,55.19
5,4.792288541,2.710960693,Extrinsic,5.730795802,Visual,Cooperative,50.49
5,5.812226271,5.430327006,Extrinsic,5.095264462,Visual,Cooperative,59.73
6,4.408702563,5.162465306,Extrinsic,5.337621117,Visual,Cooperative,59
6,4.646075928,3.637223173,Extrinsic,5.966154191,Visual,Cooperative,52.19
5,3.594754438,4.859743367,Extrinsic,4.319227807,Visual,Cooperative,51.12
5,5.629272763,3.946086471,Extrinsic,6.523861999,Visual,Cooperative,53.98
6,4.646075928,3.637223173,Extrinsic,5.966154191,Visual,Cooperative,52.19
5,5.763328644,5.971892422,Extrinsic,5.055943672,Visual,Cooperative,58.92
6,5.125607186,5.784429577,Extrinsic,3.870170824,Visual,Cooperative,54.51
6,6.876318825,4.521224916,Extrinsic,6.079642321,Visual,Cooperative,62.17
5,5.873734726,4.550960684,Extrinsic,4.781409715,Visual,Cooperative,56.27
6,4.614433679,4.299806499,Extrinsic,3.204475609,Visual,Cooperative,55.49
5,4.677295488,5.760395905,Extrinsic,7.167347853,Visual,Cooperative,62
6,5.572212776,3.871803727,Extrinsic,2.575965776,Visual,Cooperative,49.12
6,3.242969635,6.583275767,Extrinsic,4.882222371,Visual,Cooperative,58.9
6,4.326708292,4.877750106,Extrinsic,5.720625802,Visual,Cooperative,55.23
6,3.017864587,4.198271095,Extrinsic,5.107001624,Visual,Cooperative,47.12
6,4.614433679,4.299806499,Extrinsic,3.204475609,Visual,Cooperative,55.49
6,5.657412372,6.530393856,Extrinsic,5.88772119,Visual,Cooperative,64.2
6,4.446711698,5.392119505,Extrinsic,6.020582361,Visual,Cooperative,57.48
6,4.807092166,4.374388948,Extrinsic,4.986364232,Visual,Cooperative,54.26
5,5.353357258,6.478655127,Extrinsic,6.054031246,Visual,Cooperative,63.61
5,5.275666096,5.981392549,Extrinsic,6.293090387,Visual,Cooperative,61.8
5,4.395900928,4.68791799,Extrinsic,4.492121194,Visual,Cooperative,52.56
6,4.005786857,3.276429358,Extrinsic,4.171200168,Visual,Cooperative,48.48
6,2.731699572,4.181319418,Extrinsic,1.845516847,Visual,Cooperative,45.58
5,3.545552061,4.133871411,Extrinsic,6.006971822,Visual,Cooperative,50.76
6,5.199171365,2.997871293,Extrinsic,5.916024056,Visual,Cooperative,49.86
6,4.326708292,4.877750106,Extrinsic,5.720625802,Visual,Cooperative,55.23
6,4.262318971,5.777901739,Extrinsic,4.479728119,Visual,Cooperative,56.08
5,4.703380688,5.699419033,Extrinsic,7.674280494,Visual,Cooperative,63.82
6,4.865452165,4.88729555,Extrinsic,3.398943251,Visual,Cooperative,53.13
5,5.875286576,5.594647188,Extrinsic,3.415282713,Visual,Cooperative,56.05
5,4.463237752,4.544434305,Extrinsic,6.196054812,Visual,Cooperative,51.68
5,4.410659004,3.908851889,Extrinsic,5.608241112,Visual,Cooperative,52.69
5,5.703044488,4.821814706,Extrinsic,7.208834321,Visual,Cooperative,61.66
5,5.211270628,6.012902654,Extrinsic,5.928019692,Visual,Cooperative,56.99
5,4.864128375,3.406492375,Extrinsic,4.29559666,Visual,Cooperative,50.38
6,5.327313781,3.963229864,Extrinsic,3.36015265,Visual,Cooperative,51
5,4.683990734,5.040654136,Extrinsic,6.763962208,Visual,Cooperative,52.34
5,5.211270628,6.012902654,Extrinsic,5.928019692,Visual,Cooperative,56.99
5,3.913506187,4.89868001,Extrinsic,5.097212456,Visual,Cooperative,55.73
5,3.913506187,4.89868001,Extrinsic,5.097212456,Visual,Cooperative,55.73
5,4.315587433,4.564145284,Extrinsic,5.572053187,Visual,Cooperative,54.29
6,5.781775504,4.237060488,Extrinsic,5.005077065,Visual,Cooperative,56.21
5,5.86244179,6.978401987,Extrinsic,6.054574452,Visual,Cooperative,63.14
5,3.545552061,4.133871411,Extrinsic,6.006971822,Visual,Cooperative,50.76
6,4.823514726,2.965072368,Extrinsic,5.125774406,Visual,Cooperative,51.2
6,5.423571826,5.282571319,Extrinsic,4.160077341,Visual,Cooperative,58.98
6,3.905150959,4.325035922,Extrinsic,4.358971277,Visual,Cooperative,52.95
6,3.155764308,5.643566882,Extrinsic,5.016410704,Visual,Cooperative,52.51
5,5.873734726,4.550960684,Extrinsic,4.781409715,Visual,Cooperative,56.27
5,4.315587433,4.564145284,Extrinsic,5.572053187,Visual,Cooperative,54.29
6,3.242969635,6.583275767,Extrinsic,4.882222371,Visual,Cooperative,58.9
6,4.844377498,5.468839676,Extrinsic,4.40930554,Visual,Cooperative,57.15
6,4.180050845,4.842748336,Extrinsic,4.694668562,Visual,Cooperative,58.11
6,4.360806015,5.520966884,Extrinsic,3.071113607,Visual,Cooperative,53.6
5,3.904366366,4.518496838,Extrinsic,2.36981544,Visual,Cooperative,44.46
5,5.760046947,4.378086859,Extrinsic,4.843569233,Visual,Cooperative,57.37
6,5.618686386,3.989813051,Extrinsic,4.887703774,Visual,Cooperative,55.19
5,6.32615059,6.597288695,Extrinsic,5.403701847,Visual,Cooperative,65.2
6,6.004222862,5.068738059,Extrinsic,5.030041813,Visual,Cooperative,62.43
6,4.704160905,4.246207515,Extrinsic,4.45389099,Visual,Cooperative,52.84
6,4.970395477,4.997244273,Extrinsic,3.653997795,Visual,Cooperative,55.12
6,4.134565733,5.891899334,Extrinsic,6.435020577,Visual,Cooperative,59.73
5,4.799892766,5.783340438,Extrinsic,6.168539732,Visual,Cooperative,61.55
5,5.86244179,6.978401987,Extrinsic,6.054574452,Visual,Cooperative,63.14
5,6.179847705,5.703801548,Extrinsic,5.378719249,Visual,Cooperative,62.88
6,5.049622616,4.677721021,Extrinsic,5.618707004,Visual,Cooperative,57.43
6,4.25338101,4.622778955,Extrinsic,5.753596756,Visual,Cooperative,53.64
6,4.500608537,5.793697641,Extrinsic,5.03824448,Visual,Cooperative,58.69
6,4.326708292,4.877750106,Extrinsic,5.720625802,Visual,Cooperative,55.23
5,5.662847485,5.041905021,Extrinsic,5.08484726,Visual,Cooperative,60.69
5,4.5061915,3.946815876,Extrinsic,4.779539792,Visual,Cooperative,54.61
6,2.731699572,4.181319418,Extrinsic,1.845516847,Visual,Cooperative,45.58
5,6.310807206,2.788359449,Extrinsic,6.904517747,Visual,Cooperative,58.52
5,4.864128375,3.406492375,Extrinsic,4.29559666,Visual,Cooperative,50.38
6,5.572756558,4.231935998,Extrinsic,6.647802509,Visual,Cooperative,56.28
6,4.634861481,3.030199847,Extrinsic,5.26080286,Visual,Cooperative,49.63
6,5.572756558,4.231935998,Extrinsic,6.647802509,Visual,Cooperative,56.28
5,4.792288541,2.710960693,Extrinsic,5.730795802,Visual,Cooperative,50.49
6,4.844377498,5.468839676,Extrinsic,4.40930554,Visual,Cooperative,57.15
6,5.664274317,5.162483624,Extrinsic,3.666820142,Visual,Cooperative,60.4
5,4.706091486,5.09330705,Extrinsic,4.240525791,Visual,Cooperative,55.85
5,3.430562842,6.446738938,Extrinsic,5.267319007,Visual,Cooperative,54.51
5,5.347528989,5.224326036,Extrinsic,5.274277262,Visual,Cooperative,62.59
5,3.674373543,4.721943808,Extrinsic,2.515555396,Visual,Cooperative,49.79
6,5.863223301,3.500622885,Extrinsic,3.867752001,Visual,Cooperative,54.08
5,5.875286576,5.594647188,Extrinsic,3.415282713,Visual,Cooperative,56.05
6,6.202910266,3.16953859,Extrinsic,7.31853477,Visual,Cooperative,57.67
6,3.23455115,5.40460582,Extrinsic,7.089266998,Visual,Cooperative,54.72
6,4.823514726,2.965072368,Extrinsic,5.125774406,Visual,Cooperative,51.2
6,4.04972747,5.374449402,Extrinsic,5.65196482,Visual,Cooperative,58.9
5,3.842718711,4.005517124,Extrinsic,3.958514758,Visual,Cooperative,52.14
6,4.262318971,5.777901739,Extrinsic,4.479728119,Visual,Cooperative,56.08
6,4.180050845,4.842748336,Extrinsic,4.694668562,Visual,Cooperative,58.11
5,5.89094282,4.206855144,Extrinsic,6.57131679,Visual,Cooperative,61.8
6,4.408702563,5.162465306,Extrinsic,5.337621117,Visual,Cooperative,59
6,4.823514726,2.965072368,Extrinsic,5.125774406,Visual,Cooperative,51.2
6,4.823514726,2.965072368,Extrinsic,5.125774406,Visual,Cooperative,51.2
6,4.389504838,5.665133591,Extrinsic,6.663400661,Visual,Cooperative,60.02
6,6.876318825,4.521224916,Extrinsic,6.079642321,Visual,Cooperative,62.17
5,3.537531549,5.70630483,Extrinsic,5.119980661,Visual,Cooperative,57.75
6,4.589910481,4.65920551,Extrinsic,4.668148402,Visual,Cooperative,52.09
6,4.614433679,4.299806499,Extrinsic,3.204475609,Visual,Cooperative,55.49
5,4.494789949,5.070061115,Extrinsic,5.039147516,Visual,Cooperative,56.2
5,4.955974229,3.743722542,Extrinsic,7.343786173,Visual,Cooperative,57.12
6,4.340268457,4.659060671,Extrinsic,4.914675281,Visual,Cooperative,56.35
6,4.614433679,4.299806499,Extrinsic,3.204475609,Visual,Cooperative,55.49
5,5.703044488,4.821814706,Extrinsic,7.208834321,Visual,Cooperative,61.66
6,4.401214613,5.881761396,Extrinsic,4.838445001,Visual,Cooperative,58.48
6,4.25338101,4.622778955,Extrinsic,5.753596756,Visual,Cooperative,53.64
6,4.614433679,4.299806499,Extrinsic,3.204475609,Visual,Cooperative,55.49
6,4.401214613,5.881761396,Extrinsic,4.838445001,Visual,Cooperative,58.48
5,4.830352853,6.583082253,Extrinsic,5.241556527,Visual,Cooperative,61.17
5,4.47468351,5.116446038,Extrinsic,5.129923696,Visual,Cooperative,60.18
6,5.049622616,4.677721021,Extrinsic,5.618707004,Visual,Cooperative,57.43
6,3.763144506,5.108726935,Extrinsic,7.578947571,Visual,Cooperative,56.19
6,3.017864587,4.198271095,Extrinsic,5.107001624,Visual,Cooperative,47.12
6,5.018593812,2.617901297,Extrinsic,5.919093903,Visual,Cooperative,53.89
6,4.500608537,5.793697641,Extrinsic,5.03824448,Visual,Cooperative,58.69
6,4.180050845,4.842748336,Extrinsic,4.694668562,Visual,Cooperative,58.11
5,6.316121771,6.543898692,Extrinsic,3.594135357,Visual,Cooperative,62.58
5,6.686259152,6.294442392,Extrinsic,6.082631084,Visual,Cooperative,65.37
5,5.760046947,4.378086859,Extrinsic,4.843569233,Visual,Cooperative,57.37
6,4.729805943,6.070899188,Extrinsic,6.54299748,Visual,Cooperative,61.82
6,5.001905691,5.604017555,Extrinsic,4.813273139,Visual,Cooperative,59.71
5,4.094554683,6.800978773,Extrinsic,7.361898618,Visual,Cooperative,58.02
6,5.863223301,3.500622885,Extrinsic,3.867752001,Visual,Cooperative,54.08
6,5.572756558,4.231935998,Extrinsic,6.647802509,Visual,Cooperative,56.28
6,4.805817768,4.142645016,Extrinsic,7.415790916,Visual,Cooperative,57.37
6,4.338835307,3.802012358,Extrinsic,7.079624058,Visual,Cooperative,56.36
6,4.180050845,4.842748336,Extrinsic,4.694668562,Visual,Cooperative,58.11
6,5.064907069,6.365309046,Extrinsic,3.528456576,Visual,Cooperative,56.3
6,4.634861481,3.030199847,Extrinsic,5.26080286,Visual,Cooperative,49.63
6,3.155764308,5.643566882,Extrinsic,5.016410704,Visual,Cooperative,52.51
5,5.838231309,6.086349397,Extrinsic,4.807165237,Visual,Cooperative,59.53
6,3.965192082,5.769279458,Extrinsic,3.522067224,Visual,Cooperative,54.35
6,4.134565733,5.891899334,Extrinsic,6.435020577,Visual,Cooperative,59.73
6,4.338835307,3.802012358,Extrinsic,7.079624058,Visual,Cooperative,56.36
6,4.704160905,4.246207515,Extrinsic,4.45389099,Visual,Cooperative,52.84
6,4.338835307,3.802012358,Extrinsic,7.079624058,Visual,Cooperative,56.36
5,4.13292594,4.055718183,Extrinsic,5.027664619,Visual,Cooperative,54.01
5,4.683990734,5.040654136,Extrinsic,6.763962208,Visual,Cooperative,52.34
6,6.202910266,3.16953859,Extrinsic,7.31853477,Visual,Cooperative,57.67
6,4.338835307,3.802012358,Extrinsic,7.079624058,Visual,Cooperative,56.36
5,5.812226271,5.430327006,Extrinsic,5.095264462,Visual,Cooperative,59.73
6,3.965192082,5.769279458,Extrinsic,3.522067224,Visual,Cooperative,54.35
6,4.646075928,3.637223173,Extrinsic,5.966154191,Visual,Cooperative,52.19
6,5.28002332,5.539468505,Extrinsic,6.783653125,Visual,Cooperative,61.86
5,5.703044488,4.821814706,Extrinsic,7.208834321,Visual,Cooperative,61.66
6,4.429001329,5.613473732,Extrinsic,5.898918874,Visual,Cooperative,56.87
5,3.514028487,4.921883509,Extrinsic,3.197888232,Visual,Cooperative,50.09
6,3.965192082,5.769279458,Extrinsic,3.522067224,Visual,Cooperative,54.35
5,5.353357258,6.478655127,Extrinsic,6.054031246,Visual,Cooperative,63.61
5,5.760046947,4.378086859,Extrinsic,4.843569233,Visual,Cooperative,57.37
6,5.863223301,3.500622885,Extrinsic,3.867752001,Visual,Cooperative,54.08
6,3.763144506,5.108726935,Extrinsic,7.578947571,Visual,Cooperative,56.19
6,5.863223301,3.500622885,Extrinsic,3.867752001,Visual,Cooperative,54.08
5,3.168090043,3.641389409,Extrinsic,7.81564437,Visual,Cooperative,54.08
5,5.335941808,4.110105244,Extrinsic,5.028179838,Visual,Cooperative,52.49
5,4.13292594,4.055718183,Extrinsic,5.027664619,Visual,Cooperative,54.01
6,5.781775504,4.237060488,Extrinsic,5.005077065,Visual,Cooperative,56.21
6,3.1255968,5.564243615,Extrinsic,4.457213472,Visual,Cooperative,58.3
5,4.942989409,4.332730293,Extrinsic,6.461255875,Visual,Cooperative,56.29
5,5.275666096,5.981392549,Extrinsic,6.293090387,Visual,Cooperative,61.8
6,5.303730425,4.887538784,Extrinsic,6.505689625,Visual,Cooperative,58.54
5,4.830352853,6.583082253,Extrinsic,5.241556527,Visual,Cooperative,61.17
5,5.546442714,5.600577818,Extrinsic,5.685321388,Visual,Cooperative,56.42
6,3.763144506,5.108726935,Extrinsic,7.578947571,Visual,Cooperative,56.19
6,5.327313781,3.963229864,Extrinsic,3.36015265,Visual,Cooperative,51
5,4.788676755,5.422683441,Extrinsic,6.218532218,Visual,Cooperative,60.34
5,3.531803765,4.291364087,Extrinsic,5.822464373,Visual,Cooperative,51.93
6,2.731699572,4.181319418,Extrinsic,1.845516847,Visual,Cooperative,45.58
6,6.202910266,3.16953859,Extrinsic,7.31853477,Visual,Cooperative,57.67
5,4.64545419,4.528028394,Extrinsic,4.677909976,Visual,Cooperative,53.27
6,4.993343856,4.138217505,Extrinsic,3.180543862,Visual,Cooperative,51.16
5,4.47468351,5.116446038,Extrinsic,5.129923696,Visual,Cooperative,60.18
5,5.507943698,4.157762282,Extrinsic,6.270152334,Visual,Cooperative,55.5
6,6.202910266,3.16953859,Extrinsic,7.31853477,Visual,Cooperative,57.67
5,4.425010691,4.440152583,Extrinsic,7.258391246,Visual,Cooperative,56.31
6,4.429001329,5.613473732,Extrinsic,5.898918874,Visual,Cooperative,56.87
5,5.662847485,5.041905021,Extrinsic,5.08484726,Visual,Cooperative,60.69
6,4.745636644,5.827780251,Extrinsic,5.311944129,Visual,Cooperative,56.64
6,4.429001329,5.613473732,Extrinsic,5.898918874,Visual,Cooperative,56.87
5,5.507943698,4.157762282,Extrinsic,6.270152334,Visual,Cooperative,55.5
6,5.572756558,4.231935998,Extrinsic,6.647802509,Visual,Cooperative,56.28
5,3.411477104,4.53936888,Extrinsic,4.570573863,Visual,Cooperative,52.17
6,4.634861481,3.030199847,Extrinsic,5.26080286,Visual,Cooperative,49.63
5,4.710027198,3.104363239,Extrinsic,4.21145634,Visual,Cooperative,50.15
5,3.973932811,4.054488074,Extrinsic,4.228408303,Visual,Cooperative,50.06
5,4.955974229,3.743722542,Extrinsic,7.343786173,Visual,Cooperative,57.12
5,5.838231309,6.086349397,Extrinsic,4.807165237,Visual,Cooperative,59.53
6,4.446711698,5.392119505,Extrinsic,6.020582361,Visual,Cooperative,57.48
6,5.618686386,3.989813051,Extrinsic,4.887703774,Visual,Cooperative,55.19
5,5.703044488,4.821814706,Extrinsic,7.208834321,Visual,Cooperative,61.66
6,5.411038161,4.563004511,Extrinsic,4.524784717,Visual,Cooperative,53.28
5,5.89094282,4.206855144,Extrinsic,6.57131679,Visual,Cooperative,61.8
5,4.442845601,5.168749784,Extrinsic,5.021984515,Visual,Cooperative,54.64
6,4.844377498,5.468839676,Extrinsic,4.40930554,Visual,Cooperative,57.15
5,2.929969362,4.379702195,Extrinsic,7.336391603,Visual,Cooperative,52.21
5,4.5061915,3.946815876,Extrinsic,4.779539792,Visual,Cooperative,54.61
5,5.550852806,6.166858288,Intrinsic,6.69167108,Auditory,Mixed,65.68
5,5.80990379,4.980213491,Extrinsic,6.39207995,Auditory,Cooperative,58.35
6,5.918553279,6.366985274,Extrinsic,7.358427027,Auditory,Cooperative,66.11
5,6.223858428,5.461018738,Intrinsic,5.715999869,Auditory,Cooperative,68.22
6,5.764145447,6.136225219,Intrinsic,5.916452418,Auditory,Cooperative,70.43
6,4.836479354,6.548603147,Intrinsic,6.214323535,Auditory,Cooperative,64.11
5,6.68316576,4.209142132,Intrinsic,5.204029467,Auditory,Cooperative,66.2
6,5.830771473,6.25317361,Extrinsic,7.178919544,Auditory,Cooperative,64.2
5,5.550852806,6.166858288,Intrinsic,6.69167108,Auditory,Mixed,65.68
5,7.177955651,8.161008605,Intrinsic,5.955361287,Auditory,Mixed,77.82
5,5.685785896,5.432823294,Extrinsic,7.519251352,Auditory,Cooperative,65.91
5,5.848527897,6.391083676,Intrinsic,6.932150015,Auditory,Cooperative,65.89
5,6.467076994,6.445617428,Intrinsic,5.141901172,Auditory,Cooperative,70.23
6,5.009856588,6.369812124,Extrinsic,7.121171438,Auditory,Cooperative,62.28
6,5.837461145,6.168733934,Extrinsic,5.167535074,Auditory,Cooperative,63.69
5,6.345354535,6.741958389,Extrinsic,6.276410719,Auditory,Cooperative,68.25
5,6.970671744,7.370843218,Extrinsic,5.907294072,Auditory,Cooperative,67.68
6,6.694772201,6.651179309,Extrinsic,6.608682902,Auditory,Cooperative,66.31
6,6.221335195,4.955644697,Extrinsic,6.739716314,Auditory,Cooperative,62.06
6,5.058528643,6.11967968,Intrinsic,7.524685048,Auditory,Mixed,62.69
5,5.848527897,6.391083676,Intrinsic,6.932150015,Auditory,Cooperative,65.89
6,7.004596405,6.401192437,Extrinsic,6.291717115,Auditory,Mixed,66.4
6,6.712641538,5.133193018,Extrinsic,7.513093643,Auditory,Cooperative,69.09
6,6.319582329,6.882145184,Intrinsic,6.756839969,Auditory,Cooperative,68.99
6,5.236289208,5.675045232,Extrinsic,5.111163156,Auditory,Cooperative,60.46
6,6.94095301,5.663735756,Intrinsic,5.73505923,Auditory,Cooperative,68.61
6,5.830771473,6.25317361,Extrinsic,7.178919544,Auditory,Cooperative,64.2
5,5.132276637,5.206329083,Intrinsic,6.148540093,Auditory,Cooperative,64.88
6,6.778896072,6.558461871,Extrinsic,7.097665257,Auditory,Cooperative,71.2
5,5.722575932,5.177857082,Intrinsic,5.057650885,Auditory,Cooperative,61.87
6,5.987436933,4.631306502,Extrinsic,4.065959611,Auditory,Cooperative,54.15
6,5.861332208,5.767980592,Intrinsic,6.738147368,Auditory,Cooperative,65.59
5,7.408874696,5.72025467,Extrinsic,4.53126588,Auditory,Cooperative,62.69
6,5.404001034,5.342415951,Extrinsic,7.39379394,Auditory,Cooperative,62.09
6,6.94095301,5.663735756,Intrinsic,5.73505923,Auditory,Cooperative,68.61
5,6.223858428,5.461018738,Intrinsic,5.715999869,Auditory,Cooperative,68.22
5,6.974893289,5.364917967,Extrinsic,8.030986274,Auditory,Cooperative,61.92
5,6.974893289,5.364917967,Extrinsic,8.030986274,Auditory,Cooperative,61.92
5,5.899528906,6.411987289,Extrinsic,6.452757591,Auditory,Cooperative,68.67
5,6.974893289,5.364917967,Extrinsic,8.030986274,Auditory,Cooperative,61.92
6,6.543682466,6.51441445,Extrinsic,5.257317989,Auditory,Cooperative,65.05
6,6.07038434,4.88503804,Intrinsic,8.926087384,Auditory,Cooperative,70.37
5,6.103080811,5.142991235,Intrinsic,7.311299967,Auditory,Mixed,70.72
5,5.585650306,6.547745446,Intrinsic,7.250409936,Auditory,Cooperative,70.2
5,6.970671744,7.370843218,Extrinsic,5.907294072,Auditory,Cooperative,67.68
6,6.543682466,6.51441445,Extrinsic,5.257317989,Auditory,Cooperative,65.05
6,5.565987389,5.542363563,Extrinsic,6.664518374,Auditory,Cooperative,59.67
6,5.830771473,6.25317361,Extrinsic,7.178919544,Auditory,Cooperative,64.2
6,6.372954164,6.061131741,Intrinsic,4.681199557,Auditory,Mixed,63.52
5,6.043758422,7.042904407,Intrinsic,5.964588341,Auditory,Cooperative,69.67
6,6.277343377,6.264573022,Extrinsic,6.040480078,Auditory,Cooperative,68.37
5,6.566632152,6.189995046,Intrinsic,8.230884279,Auditory,Cooperative,68.66
6,5.987436933,4.631306502,Extrinsic,4.065959611,Auditory,Cooperative,54.15
6,5.924213046,5.711721692,Intrinsic,7.478533499,Auditory,Cooperative,65.81
6,6.76667749,5.083015989,Extrinsic,4.544025634,Auditory,Cooperative,59.17
6,6.007273744,6.525963191,Intrinsic,5.609752008,Auditory,Mixed,71.11
5,6.248845449,6.729413638,Intrinsic,5.741795409,Auditory,Mixed,65.22
6,6.221335195,4.955644697,Extrinsic,6.739716314,Auditory,Cooperative,62.06
6,6.319582329,6.882145184,Intrinsic,6.756839969,Auditory,Cooperative,68.99
6,6.234068116,6.669799815,Intrinsic,5.04831954,Auditory,Cooperative,69.23
5,5.866098334,6.466515222,Intrinsic,5.861995735,Auditory,Cooperative,72.68
5,5.976662245,5.4427819,Intrinsic,6.379586194,Auditory,Mixed,66.61
6,6.94095301,5.663735756,Intrinsic,5.73505923,Auditory,Cooperative,68.61
6,5.137488377,5.750079559,Extrinsic,6.612528165,Auditory,Mixed,61.49
5,6.980161399,6.779764043,Extrinsic,4.671907309,Auditory,Cooperative,65.59
5,7.982233833,6.289139574,Extrinsic,5.234668656,Auditory,Cooperative,70.6
5,5.899528906,6.411987289,Extrinsic,6.452757591,Auditory,Cooperative,68.67
5,5.796442719,4.186270395,Intrinsic,7.349410249,Auditory,Cooperative,64.57
6,6.157269602,5.484899085,Extrinsic,6.201472095,Auditory,Cooperative,58.79
5,5.665795824,6.095027716,Intrinsic,5.160798506,Auditory,Cooperative,65.98
6,6.722331185,5.747864484,Intrinsic,8.741841211,Auditory,Cooperative,72.54
6,5.837461145,6.168733934,Extrinsic,5.167535074,Auditory,Cooperative,63.69
5,6.566632152,6.189995046,Intrinsic,8.230884279,Auditory,Cooperative,68.66
6,5.058528643,6.11967968,Intrinsic,7.524685048,Auditory,Mixed,62.69
5,6.213146213,6.457598316,Intrinsic,6.342778343,Auditory,Cooperative,69.86
6,5.598812859,6.170775025,Intrinsic,6.578936999,Auditory,Mixed,66.18
5,5.946083461,5.648180378,Extrinsic,6.171605842,Auditory,Mixed,62.78
5,6.523187843,7.642933238,Extrinsic,6.463575144,Auditory,Cooperative,67.12
6,5.598812859,6.170775025,Intrinsic,6.578936999,Auditory,Mixed,66.18
6,7.035876582,5.313184128,Extrinsic,5.893710258,Auditory,Mixed,60.56
5,5.915476445,5.031993116,Extrinsic,7.057863466,Auditory,Mixed,59.87
6,5.641428366,5.898688544,Intrinsic,6.591420412,Auditory,Cooperative,66.61
5,6.661321944,5.807142797,Intrinsic,7.078733187,Auditory,Cooperative,70.13
5,6.974893289,5.364917967,Extrinsic,8.030986274,Auditory,Cooperative,61.92
6,6.76667749,5.083015989,Extrinsic,4.544025634,Auditory,Cooperative,59.17
6,6.445441069,6.342430991,Extrinsic,5.066701119,Auditory,Mixed,66.02
6,5.619673779,6.141190392,Intrinsic,4.017790249,Auditory,Cooperative,63.57
5,6.223858428,5.461018738,Intrinsic,5.715999869,Auditory,Cooperative,68.22
5,4.955154323,5.541537827,Intrinsic,6.86259962,Auditory,Mixed,62.84
5,6.974893289,5.364917967,Extrinsic,8.030986274,Auditory,Cooperative,61.92
6,6.76625044,5.502683215,Extrinsic,3.725115072,Auditory,Cooperative,60.42
6,4.657173697,5.27378262,Intrinsic,4.906856744,Auditory,Cooperative,60.38
5,5.976662245,5.4427819,Intrinsic,6.379586194,Auditory,Mixed,66.61
6,6.221335195,4.955644697,Extrinsic,6.739716314,Auditory,Cooperative,62.06
6,4.804248415,6.852836121,Intrinsic,7.375093017,Auditory,Cooperative,69.3
5,6.58506654,5.74797752,Intrinsic,5.675899212,Auditory,Cooperative,66.79
6,6.94095301,5.663735756,Intrinsic,5.73505923,Auditory,Cooperative,68.61
6,6.275012159,6.837683572,Extrinsic,8.066100597,Auditory,Cooperative,66.18
5,5.751654596,6.117876635,Intrinsic,6.905969357,Auditory,Cooperative,67.42
5,7.064585275,5.775935613,Extrinsic,7.084427858,Auditory,Cooperative,64.06
5,6.223858428,5.461018738,Intrinsic,5.715999869,Auditory,Cooperative,68.22
5,5.323187691,5.648276259,Intrinsic,7.861013556,Auditory,Cooperative,66.77
5,7.503264049,5.246316882,Extrinsic,6.150867491,Auditory,Mixed,64.54
6,5.987436933,4.631306502,Extrinsic,4.065959611,Auditory,Cooperative,54.15
6,6.839509238,5.437774735,Intrinsic,5.821314165,Auditory,Cooperative,67.23
6,6.007273744,6.525963191,Intrinsic,5.609752008,Auditory,Mixed,71.11
5,5.848527897,6.391083676,Intrinsic,6.932150015,Auditory,Cooperative,65.89
5,5.455618595,5.388613256,Intrinsic,6.2150418,Auditory,Cooperative,61.23
6,6.575473961,6.214856395,Intrinsic,8.721389805,Auditory,Cooperative,70.5
6,6.687471213,6.668713646,Extrinsic,3.349080851,Auditory,Cooperative,64.51
6,5.761297943,6.603675431,Intrinsic,5.810825328,Auditory,Cooperative,61.79
6,6.157269602,5.484899085,Extrinsic,6.201472095,Auditory,Cooperative,58.79
6,6.575473961,6.214856395,Intrinsic,8.721389805,Auditory,Cooperative,70.5
6,5.373431029,6.780025186,Extrinsic,6.532832487,Auditory,Mixed,65.03
6,5.373431029,6.780025186,Extrinsic,6.532832487,Auditory,Mixed,65.03
5,5.125990962,6.638704674,Extrinsic,3.590686752,Auditory,Cooperative,57.94
5,7.117216122,6.976978668,Intrinsic,6.234333489,Auditory,Cooperative,70.44
6,7.260162294,6.541158232,Intrinsic,5.319263867,Auditory,Cooperative,71.84
5,5.751654596,6.117876635,Intrinsic,6.905969357,Auditory,Cooperative,67.42
5,6.157635634,5.263813578,Intrinsic,6.28115853,Auditory,Mixed,67.95
6,5.565987389,5.542363563,Extrinsic,6.664518374,Auditory,Cooperative,59.67
6,4.836479354,6.548603147,Intrinsic,6.214323535,Auditory,Cooperative,64.11
6,6.713971003,5.053484887,Intrinsic,5.921691662,Auditory,Cooperative,65.27
5,6.661321944,5.807142797,Intrinsic,7.078733187,Auditory,Cooperative,70.13
5,5.125990962,6.638704674,Extrinsic,3.590686752,Auditory,Cooperative,57.94
6,5.619673779,6.141190392,Intrinsic,4.017790249,Auditory,Cooperative,63.57
6,6.777568785,5.393008849,Intrinsic,6.09972706,Auditory,Cooperative,67.28
6,5.985552577,6.045915692,Intrinsic,5.308422876,Auditory,Cooperative,66.84
6,5.504125637,5.978342702,Intrinsic,7.716228652,Auditory,Cooperative,66.96
6,5.824825588,6.565640459,Extrinsic,6.773465932,Auditory,Cooperative,63.89
5,6.980161399,6.779764043,Extrinsic,4.671907309,Auditory,Cooperative,65.59
6,5.837461145,6.168733934,Extrinsic,5.167535074,Auditory,Cooperative,63.69
5,5.796442719,4.186270395,Intrinsic,7.349410249,Auditory,Cooperative,64.57
5,7.461515366,6.268170148,Intrinsic,6.860238043,Auditory,Mixed,74.98
6,6.499819074,6.629395,Extrinsic,6.28510586,Auditory,Mixed,65.74
5,5.899528906,6.411987289,Extrinsic,6.452757591,Auditory,Cooperative,68.67
5,6.970671744,7.370843218,Extrinsic,5.907294072,Auditory,Cooperative,67.68
6,4.62563299,5.521905369,Extrinsic,3.650653714,Auditory,Cooperative,55.09
6,7.260162294,6.541158232,Intrinsic,5.319263867,Auditory,Cooperative,71.84
6,6.529225617,4.70091356,Extrinsic,8.297629065,Auditory,Cooperative,63.08
5,5.550852806,6.166858288,Intrinsic,6.69167108,Auditory,Mixed,65.68
5,7.173145284,6.390467214,Intrinsic,3.621709503,Auditory,Cooperative,67.97
5,7.016064213,5.856881514,Extrinsic,7.052912395,Auditory,Cooperative,64.97
5,6.223858428,5.461018738,Intrinsic,5.715999869,Auditory,Cooperative,68.22
5,6.248845449,6.729413638,Intrinsic,5.741795409,Auditory,Mixed,65.22
5,6.755139466,6.859426582,Extrinsic,3.722707518,Auditory,Cooperative,66.02
6,6.275012159,6.837683572,Extrinsic,8.066100597,Auditory,Cooperative,66.18
5,5.324714586,6.423160728,Intrinsic,6.916529,Auditory,Cooperative,65.56
6,6.687471213,6.668713646,Extrinsic,3.349080851,Auditory,Cooperative,64.51
5,5.107376368,5.000378417,Intrinsic,5.352964478,Auditory,Cooperative,60.36
5,6.40616732,4.797752986,Extrinsic,6.754739787,Auditory,Cooperative,60.27
5,5.107376368,5.000378417,Intrinsic,5.352964478,Auditory,Cooperative,60.36
5,6.566632152,6.189995046,Intrinsic,8.230884279,Auditory,Cooperative,68.66
6,6.777568785,5.393008849,Intrinsic,6.09972706,Auditory,Cooperative,67.28
5,4.874469733,6.149305595,Intrinsic,8.000523345,Auditory,Mixed,64.84
5,5.632399742,5.119695499,Extrinsic,6.110723316,Auditory,Mixed,58.46
6,4.938313765,5.547429335,Intrinsic,5.366731067,Auditory,Cooperative,58.5
5,5.127085242,6.723068313,Extrinsic,5.086116266,Auditory,Cooperative,59.61
6,5.19506682,4.660825502,Extrinsic,7.025881387,Auditory,Cooperative,59.43
6,6.901459652,6.362037784,Extrinsic,5.381598899,Auditory,Cooperative,66.64
6,6.839509238,5.437774735,Intrinsic,5.821314165,Auditory,Cooperative,67.23
5,4.3770503,6.139263703,Extrinsic,5.873576034,Auditory,Cooperative,56.93
5,6.747259518,6.397380726,Intrinsic,5.454725688,Auditory,Mixed,70.99
5,6.157635634,5.263813578,Intrinsic,6.28115853,Auditory,Mixed,67.95
5,6.412646217,5.036315922,Extrinsic,6.962911436,Auditory,Cooperative,61.53
6,5.404001034,5.342415951,Extrinsic,7.39379394,Auditory,Cooperative,62.09
5,5.323187691,5.648276259,Intrinsic,7.861013556,Auditory,Cooperative,66.77
6,5.985552577,6.045915692,Intrinsic,5.308422876,Auditory,Cooperative,66.84
5,7.187735631,5.716212995,Intrinsic,4.803706741,Auditory,Cooperative,66.87
5,6.213146213,6.457598316,Intrinsic,6.342778343,Auditory,Cooperative,69.86
5,6.157635634,5.263813578,Intrinsic,6.28115853,Auditory,Mixed,67.95
5,6.157635634,5.263813578,Intrinsic,6.28115853,Auditory,Mixed,67.95
6,6.07038434,4.88503804,Intrinsic,8.926087384,Auditory,Cooperative,70.37
6,5.641428366,5.898688544,Intrinsic,6.591420412,Auditory,Cooperative,66.61
6,6.234068116,6.669799815,Intrinsic,5.04831954,Auditory,Cooperative,69.23
5,6.234337386,5.838509711,Intrinsic,7.658386711,Auditory,Cooperative,67.57
5,6.974893289,5.364917967,Extrinsic,8.030986274,Auditory,Cooperative,61.92
5,5.685785896,5.432823294,Extrinsic,7.519251352,Auditory,Cooperative,65.91
6,6.187187561,6.278071226,Intrinsic,5.832133704,Auditory,Mixed,64.66
5,5.866098334,6.466515222,Intrinsic,5.861995735,Auditory,Cooperative,72.68
5,6.974893289,5.364917967,Extrinsic,8.030986274,Auditory,Cooperative,61.92
5,5.455618595,5.388613256,Intrinsic,6.2150418,Auditory,Cooperative,61.23
5,4.92648445,5.514769221,Extrinsic,7.834774267,Auditory,Mixed,60.47
5,7.173145284,6.390467214,Intrinsic,3.621709503,Auditory,Cooperative,67.97
5,6.974893289,5.364917967,Extrinsic,8.030986274,Auditory,Cooperative,61.92
5,4.92648445,5.514769221,Extrinsic,7.834774267,Auditory,Mixed,60.47
5,6.766289861,6.213723846,Extrinsic,5.14514265,Auditory,Cooperative,65.76
6,6.731250013,6.196833997,Intrinsic,6.192213643,Auditory,Cooperative,67.39
5,5.550852806,6.166858288,Intrinsic,6.69167108,Auditory,Mixed,65.68
5,4.495455417,6.100865133,Extrinsic,6.681660351,Auditory,Cooperative,59.49
5,4.955154323,5.541537827,Intrinsic,6.86259962,Auditory,Mixed,62.84
5,5.767643673,5.778749001,Extrinsic,5.918079193,Auditory,Cooperative,64.17
5,7.016064213,5.856881514,Extrinsic,7.052912395,Auditory,Cooperative,64.97
6,5.985552577,6.045915692,Intrinsic,5.308422876,Auditory,Cooperative,66.84
6,6.886597414,5.480439336,Intrinsic,5.036982217,Auditory,Cooperative,69.82
6,6.543682466,6.51441445,Extrinsic,5.257317989,Auditory,Cooperative,65.05
5,6.980161399,6.779764043,Extrinsic,4.671907309,Auditory,Cooperative,65.59
5,6.345354535,6.741958389,Extrinsic,6.276410719,Auditory,Cooperative,68.25
5,7.408874696,5.72025467,Extrinsic,4.53126588,Auditory,Cooperative,62.69
6,4.483315154,7.090578194,Intrinsic,7.278079479,Auditory,Mixed,65.05
6,6.901459652,6.362037784,Extrinsic,5.381598899,Auditory,Cooperative,66.64
5,5.107376368,5.000378417,Intrinsic,5.352964478,Auditory,Cooperative,60.36
5,5.80990379,4.980213491,Extrinsic,6.39207995,Auditory,Cooperative,58.35
5,6.740415093,7.071926621,Intrinsic,5.868632843,Auditory,Cooperative,71.3
6,5.985552577,6.045915692,Intrinsic,5.308422876,Auditory,Cooperative,66.84
7,7.133175027,6.056627567,Intrinsic,7.419400251,Visual,Independent,70.29
6,7.039426479,7.269566135,Intrinsic,5.968892497,Kinesthetic,Independent,72.75
6,7.579893079,6.572798147,Intrinsic,7.635718591,Kinesthetic,Independent,75.58
7,7.251404163,7.064534936,Intrinsic,8.782363474,Visual,Independent,79.67
7,7.010888005,7.715748714,Intrinsic,6.395588722,Visual,Independent,74.53
7,7.168141428,7.003034567,Intrinsic,6.930167072,Visual,Independent,78.14
6,7.729752076,7.728728156,Intrinsic,6.483316871,Kinesthetic,Independent,76.36
7,7.376517145,6.469751538,Intrinsic,8.108442069,Kinesthetic,Independent,77.14
6,7.561562099,7.981097582,Intrinsic,7.124506114,Kinesthetic,Independent,75.37
6,7.800915782,7.135765601,Intrinsic,7.538237995,Visual,Independent,79.32
7,6.535402971,8.304314486,Intrinsic,7.039923746,Visual,Independent,75.13
7,7.710236409,6.573913981,Intrinsic,8.11863012,Visual,Independent,73.94
7,7.228927943,7.610101491,Intrinsic,8.451549771,Visual,Independent,74.94
7,7.482871159,6.584618123,Intrinsic,6.293999799,Kinesthetic,Independent,72.79
7,7.35337742,7.35400135,Intrinsic,9.122193102,Kinesthetic,Independent,76.59
6,8.797156286,6.867650826,Intrinsic,5.964959752,Kinesthetic,Independent,77.57
7,6.399016998,7.340103248,Intrinsic,8.574247234,Visual,Independent,72.05
7,8.592898551,7.545659753,Intrinsic,9.126380406,Visual,Independent,79.88
7,6.041690207,7.677158711,Intrinsic,7.651110437,Kinesthetic,Independent,74.85
6,7.669518662,7.095418167,Intrinsic,7.03085097,Kinesthetic,Independent,77.37
7,6.872096306,6.49171368,Intrinsic,6.404599097,Kinesthetic,Independent,71.4
6,7.123161347,7.64823968,Intrinsic,7.114616672,Kinesthetic,Independent,77.67
7,8.010142418,8.200618159,Intrinsic,7.334471849,Kinesthetic,Independent,81.13
7,7.177992581,6.706099956,Intrinsic,8.073127813,Kinesthetic,Independent,75.3
6,7.586609956,7.737941654,Intrinsic,6.803228182,Kinesthetic,Independent,72.53
7,6.758781265,6.594361166,Intrinsic,6.741914673,Kinesthetic,Independent,74.41
6,7.852099888,7.482886679,Intrinsic,7.831942557,Visual,Independent,80.06
7,7.444755033,6.20463806,Intrinsic,7.595344199,Kinesthetic,Independent,70.27
6,7.259646615,5.20620482,Intrinsic,7.313103842,Kinesthetic,Independent,71.29
7,7.796525219,8.176019495,Intrinsic,9.409418652,Visual,Independent,79.05
7,5.907668496,6.649342398,Intrinsic,6.003470745,Kinesthetic,Independent,68.81
6,6.076174437,6.992695834,Intrinsic,9.17746293,Kinesthetic,Independent,74.89
7,7.520096283,8.319075626,Intrinsic,8.20450654,Visual,Independent,77.35
6,7.637855612,7.919662038,Intrinsic,6.907644044,Visual,Independent,78.2
7,7.307171395,8.012710073,Intrinsic,7.514244164,Visual,Independent,79
7,7.466267014,7.166411077,Intrinsic,7.567493681,Visual,Independent,76.74
7,7.250425803,7.151453721,Intrinsic,6.54808154,Kinesthetic,Independent,72.05
7,6.910476127,8.62138136,Intrinsic,8.056553125,Visual,Independent,79
6,6.726330438,8.003215036,Intrinsic,7.596828177,Visual,Independent,78.53
6,8.03266053,8.119784442,Intrinsic,8.058291675,Visual,Independent,77.75
7,8.590942778,6.928320372,Intrinsic,7.164862219,Kinesthetic,Independent,76.62
7,8.09387577,7.536616437,Intrinsic,6.292978352,Visual,Independent,78.09
6,7.278473463,8.521247421,Intrinsic,7.218980353,Kinesthetic,Independent,78.02
6,7.307682341,7.836527158,Intrinsic,5.782205904,Kinesthetic,Independent,75.43
7,7.893881061,8.026864358,Intrinsic,6.411680513,Kinesthetic,Independent,77.06
7,6.106954744,8.35239388,Intrinsic,7.169879906,Kinesthetic,Independent,72.26
6,6.854814024,8.310542402,Intrinsic,6.243493106,Kinesthetic,Independent,73.67
6,8.424708733,8.267017855,Intrinsic,6.207737305,Kinesthetic,Independent,80.52
6,5.458170853,6.839226111,Intrinsic,7.953508713,Kinesthetic,Independent,68.33
6,7.402057752,7.352343388,Intrinsic,8.692496559,Kinesthetic,Independent,75.66
7,7.239435401,6.941497987,Intrinsic,8.699638079,Visual,Independent,77.5
7,6.498448087,6.773295334,Intrinsic,6.033214809,Visual,Independent,70.8
6,7.090871275,6.916198892,Intrinsic,7.660018226,Kinesthetic,Independent,69.54
6,7.777324305,7.871204794,Intrinsic,8.365198608,Visual,Independent,75.56
6,6.825265439,7.550917533,Intrinsic,6.769043724,Visual,Independent,73.05
6,6.954010035,8.394389351,Intrinsic,6.681571334,Kinesthetic,Independent,79
6,7.152205664,6.704040685,Intrinsic,8.733817232,Kinesthetic,Independent,71.79
6,6.370947879,6.950430991,Intrinsic,9.202696488,Visual,Independent,73.69
7,8.297457292,6.698349972,Intrinsic,8.02519039,Visual,Independent,76.35
7,6.369897617,5.674630508,Intrinsic,8.041842089,Visual,Independent,70.19
7,5.165108246,7.03762456,Intrinsic,6.461456179,Kinesthetic,Independent,69.56
7,7.537446709,7.558113203,Intrinsic,7.893797298,Visual,Independent,80.94
6,6.968084132,6.871434286,Intrinsic,6.414849473,Kinesthetic,Independent,68.71
6,8.2490078,8.173429784,Intrinsic,8.689911397,Kinesthetic,Independent,79.82
6,7.457237166,7.08052922,Intrinsic,8.421801502,Visual,Independent,79.52
6,7.268647278,8.207110247,Intrinsic,6.781167612,Visual,Independent,75.01
6,7.960148687,8.038653196,Intrinsic,7.500445494,Visual,Independent,74.74
7,7.647062118,8.040682828,Intrinsic,7.86761984,Visual,Independent,83.57
6,6.771113748,8.03632654,Intrinsic,6.485065194,Kinesthetic,Independent,76.08
6,5.978968497,7.707571134,Intrinsic,7.434025379,Visual,Independent,74.8
7,6.775309794,7.447898585,Intrinsic,8.700078956,Visual,Independent,75.04
6,6.535758435,8.523154239,Intrinsic,8.432191564,Kinesthetic,Independent,76.09
7,6.938436545,6.944910013,Intrinsic,6.906096828,Visual,Independent,70.53
7,7.914968307,8.761909941,Intrinsic,5.914016688,Visual,Independent,77.9
6,7.720001636,7.37970858,Intrinsic,6.860008183,Visual,Independent,76.59
6,7.737745052,7.450777554,Intrinsic,8.00826864,Visual,Independent,79.4
7,7.781496895,6.587873265,Intrinsic,5.884633549,Kinesthetic,Independent,70.12
6,6.298985502,6.32201727,Intrinsic,6.916400674,Kinesthetic,Independent,68.51
7,6.831686353,5.924995234,Intrinsic,7.008438841,Visual,Independent,74.03
7,6.775194375,7.62038061,Intrinsic,4.752495157,Visual,Independent,73.71
6,7.248822794,6.852164831,Intrinsic,6.497528068,Visual,Independent,76.47
7,8.573811033,7.30258697,Intrinsic,8.511463035,Kinesthetic,Independent,79.52
6,7.168009838,6.764505636,Intrinsic,9.528628924,Kinesthetic,Independent,76.01
6,6.031980519,8.041109971,Intrinsic,7.327198263,Kinesthetic,Independent,74.96
7,6.566769938,8.120929792,Intrinsic,8.165416824,Visual,Independent,75.19
7,7.640670709,6.736978968,Intrinsic,8.395355431,Visual,Independent,77.01
7,7.064011608,6.77094595,Intrinsic,8.548707126,Kinesthetic,Independent,75.88
7,6.92741892,8.413633433,Intrinsic,6.396976545,Visual,Independent,77.63
